{
  "train_loss": [
    5110.722637614985,
    417.8852094398148,
    333.16458061919815,
    241.8349570953983,
    222.80756843501123,
    212.9598354471141,
    205.38241318998666,
    199.58547209049092,
    195.20718386255461,
    190.76699338014097,
    189.20763856515117,
    188.57376400355636,
    175.86063616577235,
    173.3457654125389,
    172.43215587495388,
    170.3833971681266,
    169.2328281457397,
    166.09945326838,
    165.26682151871165,
    164.96572558359168,
    158.82221282213584,
    157.1885331334739,
    157.05287303321663,
    156.13874905684898
  ],
  "val_loss": [
    437.9986143870551,
    422.44093173904616,
    279.1734960786917,
    260.5219891805989,
    276.7392034367019,
    275.77140314464737,
    286.5814685495591,
    293.1943797953508,
    281.1749915902651,
    293.23309579381237,
    304.05844324827194,
    313.4605657725812,
    291.44017457533505,
    286.93227100956676,
    288.9770995547309,
    303.30517667765713,
    286.68282988660997,
    290.88105954090236,
    307.3679028197571,
    306.9219137775612,
    288.51909987923887,
    286.2684022181694,
    281.4731082530583,
    276.31037461822586
  ],
  "val_mae_rul": [
    18.29309844970703,
    18.29309844970703,
    11.911806106567383,
    11.228594779968262,
    12.045924186706543,
    12.114202499389648,
    12.655156135559082,
    12.898056030273438,
    12.357339859008789,
    12.967674255371094,
    13.516709327697754,
    14.024949073791504,
    12.849719047546387,
    12.561891555786133,
    12.701627731323242,
    13.453216552734375,
    12.578619003295898,
    12.798955917358398,
    13.772931098937988,
    13.642868041992188,
    12.719014167785645,
    12.598958015441895,
    12.379068374633789,
    12.10776424407959
  ],
  "val_mae_cr": [
    8.65833854675293,
    6.669285774230957,
    6.205621719360352,
    5.823322772979736,
    5.818667888641357,
    5.586377143859863,
    5.688653469085693,
    5.864736080169678,
    5.603213310241699,
    5.714855670928955,
    5.700140476226807,
    5.559484481811523,
    5.664407730102539,
    5.78437614440918,
    5.5869245529174805,
    5.621785640716553,
    5.582120895385742,
    5.603264331817627,
    5.435354709625244,
    5.566905975341797,
    5.498139381408691,
    5.523736000061035,
    5.527043342590332,
    5.602620601654053
  ],
  "lr": [
    0.0005,
    0.0005,
    0.0005,
    0.0005,
    0.0005,
    0.0005,
    0.0005,
    0.0005,
    0.0005,
    0.0005,
    0.0005,
    0.00025,
    0.00025,
    0.00025,
    0.00025,
    0.00025,
    0.00025,
    0.00025,
    0.00025,
    0.000125,
    0.000125,
    0.000125,
    0.000125,
    0.000125
  ]
}