{
  "train_loss": [
    5543.878885850021,
    328.43530925973187,
    247.73253744192652,
    236.77510058716788,
    228.18857953460892,
    221.19445331153292,
    211.9498073229093,
    201.0940103798654,
    196.04750346107565,
    192.34586747556045,
    186.85653632694735,
    176.18351921372658,
    174.46242443548851,
    171.70257708423853,
    170.77180898953378,
    169.85502704980135,
    168.52335588909722,
    167.59588530494466,
    166.26466590436436,
    160.00199866518003,
    159.1467050809153,
    159.34275501215518,
    158.76619032769858
  ],
  "val_loss": [
    436.2569730177717,
    295.4655721229237,
    266.51966314388676,
    293.1800024925882,
    298.52513469410775,
    305.4855353644842,
    313.51996053267254,
    289.9834195591477,
    270.0204378182971,
    301.6828348967186,
    300.5996507827892,
    298.48110232245193,
    300.05632008377904,
    307.5429007119487,
    298.07723494511765,
    306.0921434594164,
    300.4333651941676,
    302.097702905796,
    294.09446422355535,
    293.9211984800915,
    290.6384568276234,
    303.1106342147206,
    292.80616224241567
  ],
  "val_mae_rul": [
    18.33060073852539,
    11.884724617004395,
    10.676443099975586,
    12.17795467376709,
    12.582171440124512,
    13.174469947814941,
    13.817401885986328,
    12.763160705566406,
    11.809643745422363,
    13.456376075744629,
    13.438848495483398,
    13.337713241577148,
    13.442119598388672,
    13.685091018676758,
    13.33387565612793,
    13.74846363067627,
    13.41535472869873,
    13.5111722946167,
    13.034050941467285,
    13.09415340423584,
    12.914009094238281,
    13.52815055847168,
    13.045801162719727
  ],
  "val_mae_cr": [
    8.629261016845703,
    8.646711349487305,
    8.24852180480957,
    8.018882751464844,
    7.758599281311035,
    7.250263690948486,
    6.507608890533447,
    6.067058563232422,
    5.912847518920898,
    6.06496524810791,
    5.757922172546387,
    5.7708210945129395,
    5.661128044128418,
    6.10002326965332,
    5.657503128051758,
    5.664843559265137,
    5.74359655380249,
    5.677807331085205,
    5.888731956481934,
    5.669165134429932,
    5.652139663696289,
    5.784592151641846,
    5.623629093170166
  ],
  "lr": [
    0.0005,
    0.0005,
    0.0005,
    0.0005,
    0.0005,
    0.0005,
    0.0005,
    0.0005,
    0.0005,
    0.0005,
    0.00025,
    0.00025,
    0.00025,
    0.00025,
    0.00025,
    0.00025,
    0.00025,
    0.00025,
    0.000125,
    0.000125,
    0.000125,
    0.000125,
    0.000125
  ]
}