{
  "fold": 1,
  "best_epoch": 39,
  "best_val_loss": 149.97416158848338,
  "val_mae_rul": 7.668862342834473,
  "val_mae_cr": 4.398029804229736
}