{
  "fold": 2,
  "best_epoch": 21,
  "best_val_loss": 146.96412092666014,
  "val_mae_rul": 7.440847873687744,
  "val_mae_cr": 4.435654640197754
}