{
  "fold": 4,
  "best_epoch": 6,
  "best_val_loss": 154.69395466031213,
  "val_mae_rul": 7.965029239654541,
  "val_mae_cr": 4.35215425491333
}