{
  "train_loss": [
    7779.966995491923,
    1416.3111914352517,
    421.6737854465295,
    416.9604833505409,
    403.23845300749963,
    394.7446052435922,
    388.4771482826052,
    385.76211347367115,
    384.35834151090177,
    383.54234546307094,
    318.74356076904473,
    215.8329933446633,
    210.8921633830939,
    206.24752935872309,
    202.13971963968956,
    198.13156815069541,
    196.0026403115412,
    193.19921043126854,
    191.09227822168515,
    189.18107804915647,
    188.3040215181223,
    185.7134876086439,
    184.78607165650382,
    184.01858241752038,
    182.47856602349498,
    177.59168641081467,
    176.94635342899375,
    176.5864406802656,
    176.91866117385413,
    175.96264585820438,
    175.69825606212245,
    175.17449839120292,
    175.12687619389862,
    173.05985556204942,
    172.27900358822123,
    172.19319004528467,
    172.49332472606903
  ],
  "val_loss": [
    4746.325558591618,
    435.7861094037518,
    435.7279758869821,
    423.52877009387623,
    417.1015635697521,
    413.4330832362419,
    406.5062222337659,
    407.4618777226429,
    405.7798496606642,
    406.93138069528516,
    272.2406176303932,
    263.66645891072966,
    282.8890187886084,
    289.6103343236134,
    287.5388733548759,
    262.1591332459814,
    262.0940270260562,
    274.15873910356555,
    271.4207657720715,
    268.589750334165,
    298.11998995182034,
    279.803468442705,
    276.4557995153957,
    285.0988860955405,
    299.84440268999106,
    286.645793908841,
    288.951223060749,
    296.9036544930987,
    289.3685847442093,
    291.67665477562286,
    293.2575538387465,
    291.61784089298095,
    299.5984796243984,
    295.2661443964688,
    293.4541562024553,
    296.0721475344037,
    298.96556510301264
  ],
  "val_mae_rul": [
    243.80148315429688,
    18.33060073852539,
    18.33060073852539,
    18.33060073852539,
    18.33060073852539,
    18.33060073852539,
    18.33060073852539,
    18.33060073852539,
    18.33060073852539,
    18.33060073852539,
    12.176239967346191,
    11.633699417114258,
    12.661385536193848,
    12.912507057189941,
    12.641805648803711,
    11.51713752746582,
    11.556982040405273,
    12.165075302124023,
    11.97049617767334,
    11.943822860717773,
    13.307427406311035,
    12.42728328704834,
    12.223846435546875,
    12.559999465942383,
    13.346735000610352,
    12.739221572875977,
    12.827980041503906,
    13.17216682434082,
    12.870598793029785,
    13.007858276367188,
    12.945381164550781,
    13.079869270324707,
    13.329505920410156,
    13.187106132507324,
    13.113642692565918,
    13.159053802490234,
    13.338930130004883
  ],
  "val_mae_cr": [
    8.661404609680176,
    8.636202812194824,
    8.665191650390625,
    6.946008682250977,
    6.119148254394531,
    5.7055583000183105,
    4.9396491050720215,
    5.070286273956299,
    4.986054420471191,
    5.144810676574707,
    5.403625011444092,
    5.42842960357666,
    5.538514614105225,
    5.865449905395508,
    6.223357677459717,
    5.792243957519531,
    5.596253395080566,
    5.64146614074707,
    5.786283016204834,
    5.3553948402404785,
    5.86374568939209,
    5.702237606048584,
    5.753941059112549,
    5.983193874359131,
    5.995328426361084,
    5.823312759399414,
    5.922495365142822,
    6.030454158782959,
    5.83707332611084,
    5.807082176208496,
    6.202174186706543,
    5.634552955627441,
    5.978578567504883,
    5.820388317108154,
    5.794857501983643,
    5.989212512969971,
    5.9004411697387695
  ],
  "lr": [
    0.0005,
    0.0005,
    0.0005,
    0.0005,
    0.0005,
    0.0005,
    0.0005,
    0.0005,
    0.0005,
    0.0005,
    0.0005,
    0.0005,
    0.0005,
    0.0005,
    0.0005,
    0.0005,
    0.0005,
    0.0005,
    0.0005,
    0.0005,
    0.0005,
    0.0005,
    0.0005,
    0.0005,
    0.00025,
    0.00025,
    0.00025,
    0.00025,
    0.00025,
    0.00025,
    0.00025,
    0.00025,
    0.000125,
    0.000125,
    0.000125,
    0.000125,
    0.000125
  ]
}