{
  "train_loss": [
    5199.789686445556,
    420.04099236196174,
    351.2405607796818,
    247.3837542092869,
    232.36464417187466,
    223.4796283286431,
    218.26356224655416,
    211.4132974685272,
    206.39644353789402,
    205.90485356171007,
    199.44056689808136,
    197.71909408073205,
    196.47164559502133,
    181.68226295261715,
    182.1232697123048,
    180.0582135206013,
    179.21214078892174,
    177.23135266276452,
    174.42618011739214,
    173.07030801552568,
    172.43226807930566,
    164.62385026292304,
    163.38471877919457,
    162.72876178046872,
    161.11442580526275
  ],
  "val_loss": [
    437.7211481029527,
    423.3320315618787,
    277.1807962905681,
    272.69855193891806,
    271.06895045543973,
    275.237771002347,
    297.8042325042842,
    292.81185309222917,
    297.3850157897462,
    284.41386395287617,
    310.02469045315917,
    305.66716103631546,
    312.5119240504869,
    304.33284718830856,
    318.5800479527628,
    319.12697116220204,
    323.4895328512056,
    325.47357633749124,
    334.8975240752885,
    320.9703469229372,
    327.4100117491264,
    327.55161304588904,
    322.43637334307033,
    319.68993064486665,
    330.76504462983524
  ],
  "val_mae_rul": [
    18.406064987182617,
    18.406064987182617,
    11.916892051696777,
    11.585565567016602,
    11.585037231445312,
    11.958020210266113,
    12.947015762329102,
    12.769542694091797,
    13.123443603515625,
    12.434191703796387,
    13.679948806762695,
    13.490979194641113,
    13.78152847290039,
    13.470226287841797,
    14.239644050598145,
    14.196596145629883,
    14.44921588897705,
    14.495667457580566,
    14.986144065856934,
    14.287224769592285,
    14.627885818481445,
    14.531792640686035,
    14.38547134399414,
    14.117352485656738,
    14.67050552368164
  ],
  "val_mae_cr": [
    8.615450859069824,
    6.942229270935059,
    6.185730934143066,
    6.314905166625977,
    6.207638263702393,
    5.861905574798584,
    6.001394748687744,
    6.149414539337158,
    5.877584934234619,
    5.838796615600586,
    6.224031448364258,
    6.039074897766113,
    6.214376449584961,
    5.960458278656006,
    5.8871331214904785,
    6.05604887008667,
    6.013485431671143,
    6.118494510650635,
    6.133966445922852,
    6.077322483062744,
    6.065880298614502,
    6.231711387634277,
    5.978085041046143,
    6.240955829620361,
    6.235274314880371
  ],
  "lr": [
    0.0005,
    0.0005,
    0.0005,
    0.0005,
    0.0005,
    0.0005,
    0.0005,
    0.0005,
    0.0005,
    0.0005,
    0.0005,
    0.0005,
    0.00025,
    0.00025,
    0.00025,
    0.00025,
    0.00025,
    0.00025,
    0.00025,
    0.00025,
    0.000125,
    0.000125,
    0.000125,
    0.000125,
    0.000125
  ]
}