{
  "fold": 4,
  "best_epoch": 15,
  "best_val_loss": 169.10309432629953,
  "val_mae_rul": 8.06154727935791,
  "val_mae_cr": 9.221092224121094
}