{
  "fold": 1,
  "best_epoch": 31,
  "best_val_loss": 158.3584374584194,
  "val_mae_rul": 7.634840965270996,
  "val_mae_cr": 8.972807884216309
}