{
  "fold": 5,
  "best_epoch": 80,
  "best_val_loss": 157.63264080463793,
  "val_mae_rul": 7.282776355743408,
  "val_mae_cr": 9.178186416625977
}