{
  "fold": 3,
  "best_epoch": 19,
  "best_val_loss": 158.58593411246935,
  "val_mae_rul": 7.623392105102539,
  "val_mae_cr": 9.307912826538086
}