{
  "fold": 2,
  "best_epoch": 81,
  "best_val_loss": 160.96017276898982,
  "val_mae_rul": 7.376692771911621,
  "val_mae_cr": 9.801390647888184
}