{
  "train_loss": [
    8338.475360213673,
    1439.2565155324437,
    202.1581739355563,
    187.96187414468142,
    184.89535363084804,
    183.9790464655804,
    183.00722478575125,
    180.99521338870494,
    176.88898541802826,
    175.83124015409666,
    176.03454955818574,
    174.71699624273717,
    174.12837447972547,
    173.90170645206533,
    172.33002979566328,
    170.87553407237425,
    171.38405191506362,
    170.04826529113652,
    169.77567973035448,
    170.5814123541059,
    169.487826437738,
    170.0728007303677,
    169.13450998863354,
    168.74752680706564,
    169.1883149875663,
    168.6513336889979,
    167.96531113526808,
    168.55468261541665,
    168.0207327689608,
    166.97721327112077,
    166.3761370011409,
    166.52214783718324,
    166.26090482494126,
    166.4252426767257,
    166.10538107836962,
    166.18464960212634,
    165.54832949905838,
    166.41394200869178,
    165.76383839354526,
    165.38170139748078,
    165.27849074166332,
    164.6854051040266,
    163.88625462603983,
    163.99604854915773,
    164.1926173610429,
    163.88744568225263,
    163.5811958239203,
    163.22452605669918,
    163.23584866846554,
    162.82742359744282,
    162.91458315821635,
    162.65680278431284,
    162.32278846725967,
    162.46895040073062,
    161.66566942462146,
    161.79617868862485,
    161.57111132859723,
    161.18514849369484,
    161.0931097063843,
    161.31757763506596,
    160.82540195546252,
    160.58577558565418,
    160.6822301543658,
    160.49632040352148,
    160.31312925534277,
    160.04349572423348,
    160.00750441708,
    159.67847110593343,
    160.2397957954923,
    159.68730551684618,
    159.15928961276086,
    159.75761065307853,
    159.4963894074844,
    159.03439815085906,
    159.11056021242123,
    159.19529076286625,
    158.76241329052922,
    158.64721186802052,
    158.81985202103104,
    158.27137179347025,
    157.8435382806125,
    158.19403577911555,
    157.67925703686947,
    157.70409434630284,
    157.9060353587167,
    157.55187685761737,
    157.66276460274966,
    157.86310330949854,
    157.5919883919869,
    157.34989508623312,
    157.09167129250974,
    157.42138927171953,
    157.05233597155927
  ],
  "val_loss": [
    6491.218125,
    218.9287429511547,
    179.3417651104927,
    161.5288389837742,
    183.66930475324392,
    181.17333178162573,
    171.98524249076843,
    171.86251724004745,
    150.64400334388017,
    159.60688385784627,
    147.72086615145207,
    153.6123936393857,
    156.67672939658166,
    143.9056869469583,
    143.31542105197906,
    149.5176680034399,
    146.79143290936946,
    142.3047589814663,
    145.05056075721978,
    146.35539449751377,
    150.80495895236731,
    152.4917385494709,
    144.30444503307342,
    147.81677505105733,
    152.74144585371016,
    149.50988491475582,
    142.9621670359373,
    157.48619032621383,
    143.83756045877934,
    148.62958012700082,
    153.3918332207203,
    143.7373123216629,
    147.91667723819614,
    141.9368380653858,
    146.81924693465234,
    144.0804552230239,
    148.89064665228128,
    141.90797153562306,
    145.3436609607935,
    149.66319614470004,
    145.82771293640135,
    150.14066453933717,
    140.58222845852376,
    137.34495848298073,
    140.21030628561974,
    145.84244983404875,
    141.15482790470122,
    141.42481589525937,
    141.89240813195704,
    141.67477643668653,
    145.3997004044056,
    138.5537834429741,
    143.3122175487876,
    142.3182504248619,
    139.199577947855,
    142.1488819524646,
    140.1533476984501,
    139.82676388680935,
    143.96748287320136,
    145.00469921290875,
    141.7645050653815,
    142.42840335011482,
    136.11988094687462,
    143.46703241854905,
    141.92636051297188,
    144.58996965885163,
    138.79608515918255,
    142.87507705658675,
    140.44728521883488,
    139.04395524472,
    136.93739992082118,
    139.01804537057876,
    140.84788557469844,
    140.8181231984496,
    142.07955427587032,
    138.39459236502648,
    140.56404241502284,
    139.16620005518197,
    139.78359216064214,
    139.3163671118021,
    141.31255453139545,
    138.87751080602408,
    138.51852933347226,
    139.88020674318076,
    138.46834826022388,
    139.18690529584885,
    137.9510465016961,
    138.13456142276524,
    138.42635243207215,
    139.60393112421036,
    138.76211701244117,
    138.8916589450836,
    138.2125116890669
  ],
  "val_mae_rul": [
    332.7182922363281,
    9.905237197875977,
    7.967245578765869,
    7.169678211212158,
    8.200199127197266,
    8.085193634033203,
    7.562370300292969,
    7.63189172744751,
    6.55361795425415,
    7.045649528503418,
    6.414063453674316,
    6.715457916259766,
    6.825284481048584,
    6.218127250671387,
    6.205874919891357,
    6.531445503234863,
    6.395030498504639,
    6.144367218017578,
    6.279236316680908,
    6.345640182495117,
    6.609882831573486,
    6.676456451416016,
    6.259577751159668,
    6.458529949188232,
    6.5957512855529785,
    6.540881156921387,
    6.208012580871582,
    6.922850608825684,
    6.253398895263672,
    6.488058090209961,
    6.718118190765381,
    6.260606288909912,
    6.446187973022461,
    6.165610313415527,
    6.438273906707764,
    6.2383503913879395,
    6.536099433898926,
    6.154690742492676,
    6.300434112548828,
    6.5432281494140625,
    6.363586902618408,
    6.422924041748047,
    6.084987163543701,
    5.9050798416137695,
    6.060634136199951,
    6.331741809844971,
    6.07928991317749,
    6.128410339355469,
    6.122356414794922,
    6.135910987854004,
    6.340750217437744,
    5.972316741943359,
    6.232013702392578,
    6.151363372802734,
    5.996565341949463,
    6.150895595550537,
    6.048886299133301,
    6.018099784851074,
    6.2377424240112305,
    6.320954322814941,
    6.1385345458984375,
    6.132573127746582,
    5.841460227966309,
    6.224381446838379,
    6.135834693908691,
    6.301541328430176,
    5.9919047355651855,
    6.187503814697266,
    6.05099630355835,
    5.9897990226745605,
    5.8748698234558105,
    5.9811506271362305,
    6.095078468322754,
    6.0781450271606445,
    6.151280403137207,
    5.965349197387695,
    6.062277317047119,
    5.995471477508545,
    6.033683776855469,
    5.99983549118042,
    6.112455368041992,
    5.976598262786865,
    5.9601640701293945,
    6.026363372802734,
    5.965384483337402,
    5.999846935272217,
    5.932366847991943,
    5.940253257751465,
    5.956237316131592,
    6.015517711639404,
    5.972570896148682,
    5.978827953338623,
    5.948233604431152
  ],