{
  "train_loss": [
    7443.24785493723,
    1020.6609903971354,
    288.76508002833896,
    260.0724060629837,
    252.47859586821434,
    249.00783119174196,
    245.351165958237,
    242.44263169883908,
    238.56407156189712,
    234.35716117930292,
    233.59705479665143,
    223.8812858740832,
    221.7859149710406,
    219.10116811138508,
    219.78788753479313,
    217.99257055163125,
    217.66698472837993,
    215.65157293947246,
    214.22490213722355,
    207.37153817184372,
    205.59062924807324,
    205.37384926869424,
    203.77204008493774
  ],
  "val_loss": [
    3863.4382102999625,
    435.81291042821374,
    285.58506119459474,
    300.79750108198306,
    290.1581150105947,
    303.351841687115,
    335.2973079759481,
    335.0171019333419,
    346.3420474711464,
    357.64280602401,
    342.90463881149043,
    356.42408807569194,
    368.7265644531583,
    358.1056916385759,
    379.27688936062776,
    374.7679217538459,
    365.72927155192764,
    346.52860675212077,
    356.4023562294947,
    359.62071763584186,
    354.8946222816492,
    359.43937935631345,
    359.4452553263918
  ],
  "val_mae_rul": [
    199.5326690673828,
    18.33060073852539,
    11.43054485321045,
    12.112327575683594,
    11.633407592773438,
    12.431046485900879,
    14.09438705444336,
    14.063761711120605,
    14.630702018737793,
    15.220212936401367,
    14.459507942199707,
    15.174525260925293,
    15.749314308166504,
    15.175324440002441,
    16.291635513305664,
    16.03360366821289,
    15.568962097167969,
    14.601478576660156,
    15.090856552124023,
    15.280851364135742,
    15.026591300964355,
    15.250605583190918,
    15.247687339782715
  ],
  "val_mae_cr": [
    8.660165786743164,
    8.652265548706055,
    8.672171592712402,
    8.653898239135742,
    8.614330291748047,
    8.618141174316406,
    8.633072853088379,
    8.672707557678223,
    8.609869003295898,
    8.652932167053223,
    8.613981246948242,
    8.613962173461914,
    8.633275032043457,
    8.61941909790039,
    8.62355899810791,
    8.636258125305176,
    8.633129119873047,
    8.644698143005371,
    8.641369819641113,
    8.651102066040039,
    8.639715194702148,
    8.641736030578613,
    8.64147663116455
  ],
  "lr": [
    0.0005,
    0.0005,
    0.0005,
    0.0005,
    0.0005,
    0.0005,
    0.0005,
    0.0005,
    0.0005,
    0.0005,
    0.00025,
    0.00025,
    0.00025,
    0.00025,
    0.00025,
    0.00025,
    0.00025,
    0.00025,
    0.000125,
    0.000125,
    0.000125,
    0.000125,
    0.000125
  ]
}